onset	duration	trial_type	PresentedStimulusArrowDirection	ReactionTime	SubjectResponseButton	SubjectResponseButtonCode	SubjectResponseCorrectness	TrialOutcome	StopSignalDelay	LadderNumber	LadderTime	LadderMovement	TimeCourse	onset_noTriggerAdjust	TimeCourse_noTriggerAdjust
0.00977798100007021	1.5	GO	RIGHT	0.681824209999832	RIGHT	92	CorrectResponse	SuccessfulGo	0	0	0	0	0	0.00977798100007021	0
0	1.375	NULL	BLANKSCREEN	0	n/a	0	n/a	n/a	0	0	0	0	1.5	0	1.5
2.89650565600004	1.5	GO	LEFT	0.284788187999993	LEFT	95	CorrectResponse	SuccessfulGo	0	0	0	0	2.875	2.89650565600004	2.875
0	1	NULL	BLANKSCREEN	0	n/a	0	n/a	n/a	0	0	0	0	4.375	0	4.375
5.39786961300001	1.5	GO	LEFT	0.293870779000144	RIGHT	92	IncorrectResponse	JUNK	0	0	0	0	5.375	5.39786961300001	5.375
0	1.125	NULL	BLANKSCREEN	0	n/a	0	n/a	n/a	0	0	0	0	6.875	0	6.875
8.0159573819999	1.5	GO	LEFT	0.387658255000133	LEFT	95	CorrectResponse	SuccessfulGo	0	0	0	0	8	8.0159573819999	8
0	2	NULL	BLANKSCREEN	0	n/a	0	n/a	n/a	0	0	0	0	9.5	0	9.5
11.5178962339999	1.5	GO	RIGHT	0.278706991000035	RIGHT	92	CorrectResponse	SuccessfulGo	0	0	0	0	11.5	11.5178962339999	11.5
0	0.75	NULL	BLANKSCREEN	0	n/a	0	n/a	n/a	0	0	0	0	13	0	13
13.769045283	1.5	GO	RIGHT	0.434394601000122	RIGHT	92	CorrectResponse	SuccessfulGo	0	0	0	0	13.75	13.769045283	13.75
0	1	NULL	BLANKSCREEN	0	n/a	0	n/a	n/a	0	0	0	0	15.25	0	15.25
16.270494372	1.5	STOP	RIGHT	0.350117294000029	RIGHT	92	CorrectResponse	UnsuccessfulStop	0.252373936999902	1	250	-1	16.25	16.270494372	16.25
0	3.625	NULL	BLANKSCREEN	0	n/a	0	n/a	n/a	0	0	0	0	17.75	0	17.75
21.3899646350001	1.5	STOP	LEFT	0.389507754000078	LEFT	95	CorrectResponse	UnsuccessfulStop	0.351216042000033	2	350	-1	21.375	21.3899646350001	21.375
0	0.5	NULL	BLANKSCREEN	0	n/a	0	n/a	n/a	0	0	0	0	22.875	0	22.875
23.3910081720001	1.5	STOP	LEFT	0.380520423999997	LEFT	95	CorrectResponse	UnsuccessfulStop	0.200970591999976	1	200	-1	23.375	23.3910081720001	23.375
0	0.5	NULL	BLANKSCREEN	0	n/a	0	n/a	n/a	0	0	0	0	24.875	0	24.875
25.3922013009999	1.5	STOP	RIGHT	0.330398165999895	RIGHT	92	CorrectResponse	UnsuccessfulStop	0.302364835999924	2	300	-1	25.375	25.3922013009999	25.375
0	0.875	NULL	BLANKSCREEN	0	n/a	0	n/a	n/a	0	0	0	0	26.875	0	26.875
27.760148867	1.5	GO	LEFT	0.764495520000082	LEFT	95	CorrectResponse	SuccessfulGo	0	0	0	0	27.75	27.760148867	27.75
0	1.375	NULL	BLANKSCREEN	0	n/a	0	n/a	n/a	0	0	0	0	29.25	0	29.25
30.6452139779999	1.5	GO	LEFT	0.279630569999881	RIGHT	92	IncorrectResponse	JUNK	0	0	0	0	30.625	30.6452139779999	30.625
0	0.75	NULL	BLANKSCREEN	0	n/a	0	n/a	n/a	0	0	0	0	32.125	0	32.125
32.896260367	1.5	GO	LEFT	0.332154131000152	LEFT	95	CorrectResponse	SuccessfulGo	0	0	0	0	32.875	32.896260367	32.875
0	1.125	NULL	BLANKSCREEN	0	n/a	0	n/a	n/a	0	0	0	0	34.375	0	34.375
35.5142779589999	1.5	GO	RIGHT	0.45003692399996	RIGHT	92	CorrectResponse	SuccessfulGo	0	0	0	0	35.5	35.5142779589999	35.5
0	1.5	NULL	BLANKSCREEN	0	n/a	0	n/a	n/a	0	0	0	0	37	0	37
38.5160150310001	1.5	GO	RIGHT	0.383740977999878	RIGHT	92	CorrectResponse	SuccessfulGo	0	0	0	0	38.5	38.5160150310001	38.5
0	1	NULL	BLANKSCREEN	0	n/a	0	n/a	n/a	0	0	0	0	40	0	40
41.0174737709999	1.5	GO	RIGHT	0.39394355599984	RIGHT	92	CorrectResponse	SuccessfulGo	0	0	0	0	41	41.0174737709999	41
0	1.625	NULL	BLANKSCREEN	0	n/a	0	n/a	n/a	0	0	0	0	42.5	0	42.5
44.1359513130001	1.5	GO	LEFT	0.437530637999998	LEFT	95	CorrectResponse	SuccessfulGo	0	0	0	0	44.125	44.1359513130001	44.125
0	1	NULL	BLANKSCREEN	0	n/a	0	n/a	n/a	0	0	0	0	45.625	0	45.625
46.6370914249999	1.5	GO	LEFT	0.448265737000156	LEFT	95	CorrectResponse	SuccessfulGo	0	0	0	0	46.625	46.6370914249999	46.625
0	0.5	NULL	BLANKSCREEN	0	n/a	0	n/a	n/a	0	0	0	0	48.125	0	48.125
48.6383268719999	1.5	GO	LEFT	0.436605227999962	LEFT	95	CorrectResponse	SuccessfulGo	0	0	0	0	48.625	48.6383268719999	48.625
0	1.5	NULL	BLANKSCREEN	0	n/a	0	n/a	n/a	0	0	0	0	50.125	0	50.125
51.6398317819999	1.5	GO	RIGHT	0.269384263999882	LEFT	95	IncorrectResponse	JUNK	0	0	0	0	51.625	51.6398317819999	51.625
0	1.125	NULL	BLANKSCREEN	0	n/a	0	n/a	n/a	0	0	0	0	53.125	0	53.125
54.2578962969999	1.5	GO	RIGHT	0.425667117999865	RIGHT	92	CorrectResponse	SuccessfulGo	0	0	0	0	54.25	54.2578962969999	54.25
0	1.125	NULL	BLANKSCREEN	0	n/a	0	n/a	n/a	0	0	0	0	55.75	0	55.75
56.8927937450001	1.5	STOP	LEFT	0	n/a	0	IncorrectResponse	SuccessfulStop	0.252103102000092	2	250	1	56.875	56.8927937450001	56.875
0	1.125	NULL	BLANKSCREEN	0	n/a	0	n/a	n/a	0	0	0	0	58.375	0	58.375
59.5108671109999	1.5	STOP	RIGHT	0.374490659000003	RIGHT	92	CorrectResponse	UnsuccessfulStop	0.151844713000173	1	150	-1	59.5	59.5108671109999	59.5
0	1.875	NULL	BLANKSCREEN	0	n/a	0	n/a	n/a	0	0	0	0	61	0	61
62.896040032	1.5	GO	RIGHT	0.396739069999967	RIGHT	92	CorrectResponse	SuccessfulGo	0	0	0	0	62.875	62.896040032	62.875
0	0.625	NULL	BLANKSCREEN	0	n/a	0	n/a	n/a	0	0	0	0	64.375	0	64.375
65.013881119	1.5	STOP	RIGHT	0.413311799999974	RIGHT	92	CorrectResponse	UnsuccessfulStop	0.301295091999918	2	300	-1	65	65.013881119	65
0	2.375	NULL	BLANKSCREEN	0	n/a	0	n/a	n/a	0	0	0	0	66.5	0	66.5
68.88287214	1.5	GO	LEFT	0.449388119999867	LEFT	95	CorrectResponse	SuccessfulGo	0	0	0	0	68.875	68.88287214	68.875
0	1.625	NULL	BLANKSCREEN	0	n/a	0	n/a	n/a	0	0	0	0	70.375	0	70.375
72.017739787	1.5	GO	LEFT	0.322655237999925	LEFT	95	CorrectResponse	SuccessfulGo	0	0	0	0	72	72.017739787	72
0	1	NULL	BLANKSCREEN	0	n/a	0	n/a	n/a	0	0	0	0	73.5	0	73.5
74.519200557	1.5	GO	RIGHT	0.485025102000009	RIGHT	92	CorrectResponse	SuccessfulGo	0	0	0	0	74.5	74.519200557	74.5
0	0.875	NULL	BLANKSCREEN	0	n/a	0	n/a	n/a	0	0	0	0	76	0	76
76.8871049699999	1.5	GO	LEFT	0.364949575000082	LEFT	95	CorrectResponse	SuccessfulGo	0	0	0	0	76.875	76.8871049699999	76.875
0	1.5	NULL	BLANKSCREEN	0	n/a	0	n/a	n/a	0	0	0	0	78.375	0	78.375
79.888929186	1.5	GO	RIGHT	0.421405909999976	RIGHT	92	CorrectResponse	SuccessfulGo	0	0	0	0	79.875	79.888929186	79.875
0	0.875	NULL	BLANKSCREEN	0	n/a	0	n/a	n/a	0	0	0	0	81.375	0	81.375
82.254591313	1.5	GO	RIGHT	0.52212475400006	RIGHT	92	CorrectResponse	SuccessfulGo	0	0	0	0	82.25	82.254591313	82.25
0	1.375	NULL	BLANKSCREEN	0	n/a	0	n/a	n/a	0	0	0	0	83.75	0	83.75
85.141637879	1.5	STOP	LEFT	0	n/a	0	IncorrectResponse	SuccessfulStop	0.100766748000069	1	100	1	85.125	85.141637879	85.125
0	0.875	NULL	BLANKSCREEN	0	n/a	0	n/a	n/a	0	0	0	0	86.625	0	86.625
87.509397625	1.5	STOP	RIGHT	0.44553415900009	RIGHT	92	CorrectResponse	UnsuccessfulStop	0.251072980000117	2	250	-1	87.5	87.509397625	87.5
0	0.75	NULL	BLANKSCREEN	0	n/a	0	n/a	n/a	0	0	0	0	89	0	89
89.7608991770001	1.5	GO	RIGHT	0.402108838999993	RIGHT	92	CorrectResponse	SuccessfulGo	0	0	0	0	89.75	89.7608991770001	89.75
0	1	NULL	BLANKSCREEN	0	n/a	0	n/a	n/a	0	0	0	0	91.25	0	91.25
92.2622181239999	1.5	STOP	LEFT	0	n/a	0	IncorrectResponse	SuccessfulStop	0.151614708999887	1	150	1	92.25	92.2622181239999	92.25
0	0.625	NULL	BLANKSCREEN	0	n/a	0	n/a	n/a	0	0	0	0	93.75	0	93.75
94.396937684	1.5	GO	RIGHT	0.40495649699983	RIGHT	92	CorrectResponse	SuccessfulGo	0	0	0	0	94.375	94.396937684	94.375
0	1.25	NULL	BLANKSCREEN	0	n/a	0	n/a	n/a	0	0	0	0	95.875	0	95.875
97.1482972629999	1.5	GO	LEFT	0.471221998000146	LEFT	95	CorrectResponse	SuccessfulGo	0	0	0	0	97.125	97.1482972629999	97.125
0	1.375	NULL	BLANKSCREEN	0	n/a	0	n/a	n/a	0	0	0	0	98.625	0	98.625
100.016599057	1.5	GO	RIGHT	0.418340237999928	RIGHT	92	CorrectResponse	SuccessfulGo	0	0	0	0	100	100.016599057	100
0	1	NULL	BLANKSCREEN	0	n/a	0	n/a	n/a	0	0	0	0	101.5	0	101.5
102.517903446	1.5	GO	LEFT	0.446778863999953	LEFT	95	CorrectResponse	SuccessfulGo	0	0	0	0	102.5	102.517903446	102.5
0	0.625	NULL	BLANKSCREEN	0	n/a	0	n/a	n/a	0	0	0	0	104	0	104
104.635896853	1.5	GO	LEFT	0.503204186999938	LEFT	95	CorrectResponse	SuccessfulGo	0	0	0	0	104.625	104.635896853	104.625
0	0.875	NULL	BLANKSCREEN	0	n/a	0	n/a	n/a	0	0	0	0	106.125	0	106.125
107.020594415	1.5	GO	LEFT	0.407468764999976	LEFT	95	CorrectResponse	SuccessfulGo	0	0	0	0	107	107.020594415	107
0	0.5	NULL	BLANKSCREEN	0	n/a	0	n/a	n/a	0	0	0	0	108.5	0	108.5
109.02141112	1.5	STOP	LEFT	0	n/a	0	IncorrectResponse	SuccessfulStop	0.201406653000049	1	200	1	109	109.02141112	109
0	0.5	NULL	BLANKSCREEN	0	n/a	0	n/a	n/a	0	0	0	0	110.5	0	110.5
111.089191524	1.5	GO	LEFT	0.443359284000053	LEFT	95	CorrectResponse	SuccessfulGo	0	0	0	0	111	111.089191524	111
0	2.125	NULL	BLANKSCREEN	0	n/a	0	n/a	n/a	0	0	0	0	112.5	0	112.5
114.641108566	1.5	GO	LEFT	0.439878575000193	LEFT	95	CorrectResponse	SuccessfulGo	0	0	0	0	114.625	114.641108566	114.625
0	0.875	NULL	BLANKSCREEN	0	n/a	0	n/a	n/a	0	0	0	0	116.125	0	116.125
117.009140594	1.5	GO	RIGHT	0.458953749000102	RIGHT	92	CorrectResponse	SuccessfulGo	0	0	0	0	117	117.009140594	117
0	0.75	NULL	BLANKSCREEN	0	n/a	0	n/a	n/a	0	0	0	0	118.5	0	118.5
119.260380586	1.5	GO	RIGHT	0.391069319000053	RIGHT	92	CorrectResponse	SuccessfulGo	0	0	0	0	119.25	119.260380586	119.25
0	1	NULL	BLANKSCREEN	0	n/a	0	n/a	n/a	0	0	0	0	120.75	0	120.75
121.76189692	1.5	GO	RIGHT	0.395738595000012	RIGHT	92	CorrectResponse	SuccessfulGo	0	0	0	0	121.75	121.76189692	121.75
0	1.5	NULL	BLANKSCREEN	0	n/a	0	n/a	n/a	0	0	0	0	123.25	0	123.25
124.763513623	1.5	STOP	RIGHT	0.391929797999865	RIGHT	92	CorrectResponse	UnsuccessfulStop	0.201643642999898	2	200	-1	124.75	124.763513623	124.75
0	0.5	NULL	BLANKSCREEN	0	n/a	0	n/a	n/a	0	0	0	0	126.25	0	126.25
126.764361632	1.5	GO	LEFT	0.512876397999889	LEFT	95	CorrectResponse	SuccessfulGo	0	0	0	0	126.75	126.764361632	126.75
0	0.5	NULL	BLANKSCREEN	0	n/a	0	n/a	n/a	0	0	0	0	128.25	0	128.25
128.765590091	1.5	GO	RIGHT	0.382692467999959	LEFT	95	IncorrectResponse	JUNK	0	0	0	0	128.75	128.765590091	128.75
0	1.625	NULL	BLANKSCREEN	0	n/a	0	n/a	n/a	0	0	0	0	130.25	0	130.25
131.883837462	1.5	GO	LEFT	0.631518903999904	LEFT	95	CorrectResponse	SuccessfulGo	0	0	0	0	131.875	131.883837462	131.875
0	2.125	NULL	BLANKSCREEN	0	n/a	0	n/a	n/a	0	0	0	0	133.375	0	133.375
135.519340494	1.5	GO	RIGHT	0.371360351000021	RIGHT	92	CorrectResponse	SuccessfulGo	0	0	0	0	135.5	135.519340494	135.5
0	1.125	NULL	BLANKSCREEN	0	n/a	0	n/a	n/a	0	0	0	0	137	0	137
138.137388014	1.5	GO	RIGHT	0.424230647999821	RIGHT	92	CorrectResponse	SuccessfulGo	0	0	0	0	138.125	138.137388014	138.125
0	0.625	NULL	BLANKSCREEN	0	n/a	0	n/a	n/a	0	0	0	0	139.625	0	139.625
140.271920301	1.5	GO	LEFT	0.426481938000052	LEFT	95	CorrectResponse	SuccessfulGo	0	0	0	0	140.25	140.271920301	140.25
0	1.5	NULL	BLANKSCREEN	0	n/a	0	n/a	n/a	0	0	0	0	141.75	0	141.75
143.254951393	1.5	STOP	LEFT	0.425035249999837	LEFT	95	CorrectResponse	UnsuccessfulStop	0.251505542999894	1	250	-1	143.25	143.254951393	143.25
0	0.875	NULL	BLANKSCREEN	0	n/a	0	n/a	n/a	0	0	0	0	144.75	0	144.75
145.641537831	1.5	STOP	RIGHT	0.321542723999983	RIGHT	92	CorrectResponse	UnsuccessfulStop	0.15037921499993	2	150	-1	145.625	145.641537831	145.625
0	1.125	NULL	BLANKSCREEN	0	n/a	0	n/a	n/a	0	0	0	0	147.125	0	147.125
148.259583958	1.5	STOP	RIGHT	0	n/a	0	IncorrectResponse	SuccessfulStop	0.101046661000055	2	100	1	148.25	148.259583958	148.25
0	1.75	NULL	BLANKSCREEN	0	n/a	0	n/a	n/a	0	0	0	0	149.75	0	149.75
151.511677955	1.5	STOP	LEFT	0.388352001000158	LEFT	95	CorrectResponse	UnsuccessfulStop	0.201117667000062	1	200	-1	151.5	151.511677955	151.5
0	0.875	NULL	BLANKSCREEN	0	n/a	0	n/a	n/a	0	0	0	0	153	0	153
153.896105729	1.5	GO	LEFT	0.372780420000026	LEFT	95	CorrectResponse	SuccessfulGo	0	0	0	0	153.875	153.896105729	153.875
0	0.5	NULL	BLANKSCREEN	0	n/a	0	n/a	n/a	0	0	0	0	155.375	0	155.375
155.897214766	1.5	GO	LEFT	0.339607982999951	LEFT	95	CorrectResponse	SuccessfulGo	0	0	0	0	155.875	155.897214766	155.875
0	0.75	NULL	BLANKSCREEN	0	n/a	0	n/a	n/a	0	0	0	0	157.375	0	157.375
158.129614894	1.5	GO	RIGHT	0.468977688999985	RIGHT	92	CorrectResponse	SuccessfulGo	0	0	0	0	158.125	158.129614894	158.125
0	0.75	NULL	BLANKSCREEN	0	n/a	0	n/a	n/a	0	0	0	0	159.625	0	159.625
160.382986523	1.5	GO	RIGHT	0.500577945000032	RIGHT	92	CorrectResponse	SuccessfulGo	0	0	0	0	160.375	160.382986523	160.375
0	1.375	NULL	BLANKSCREEN	0	n/a	0	n/a	n/a	0	0	0	0	161.875	0	161.875
163.268225373	1.5	GO	RIGHT	0.454289014000096	RIGHT	92	CorrectResponse	SuccessfulGo	0	0	0	0	163.25	163.268225373	163.25
0	0.5	NULL	BLANKSCREEN	0	n/a	0	n/a	n/a	0	0	0	0	164.75	0	164.75
165.268912973	1.5	GO	LEFT	0.644743412000025	LEFT	95	CorrectResponse	SuccessfulGo	0	0	0	0	165.25	165.268912973	165.25
0	1.125	NULL	BLANKSCREEN	0	n/a	0	n/a	n/a	0	0	0	0	166.75	0	166.75
167.887098089	1.5	GO	RIGHT	0.478538040000103	RIGHT	92	CorrectResponse	SuccessfulGo	0	0	0	0	167.875	167.887098089	167.875
0	1.875	NULL	BLANKSCREEN	0	n/a	0	n/a	n/a	0	0	0	0	169.375	0	169.375
171.272271667	1.5	GO	LEFT	0.404027749000079	LEFT	95	CorrectResponse	SuccessfulGo	0	0	0	0	171.25	171.272271667	171.25
0	2.5	NULL	BLANKSCREEN	0	n/a	0	n/a	n/a	0	0	0	0	172.75	0	172.75
175.257541838	1.5	GO	RIGHT	0.465803365999818	RIGHT	92	CorrectResponse	SuccessfulGo	0	0	0	0	175.25	175.257541838	175.25
0	0.875	NULL	BLANKSCREEN	0	n/a	0	n/a	n/a	0	0	0	0	176.75	0	176.75
177.642626961	1.5	GO	RIGHT	0.449425798999982	RIGHT	92	CorrectResponse	SuccessfulGo	0	0	0	0	177.625	177.642626961	177.625
0	1	NULL	BLANKSCREEN	0	n/a	0	n/a	n/a	0	0	0	0	179.125	0	179.125
180.143846243	1.5	GO	LEFT	0.428639926999949	LEFT	95	CorrectResponse	SuccessfulGo	0	0	0	0	180.125	180.143846243	180.125
0	0.625	NULL	BLANKSCREEN	0	n/a	0	n/a	n/a	0	0	0	0	181.625	0	181.625
182.261586436	1.5	GO	LEFT	0.429314456999919	LEFT	95	CorrectResponse	SuccessfulGo	0	0	0	0	182.25	182.261586436	182.25
0	3	NULL	BLANKSCREEN	0	n/a	0	n/a	n/a	0	0	0	0	183.75	0	183.75
186.764053824	1.5	STOP	RIGHT	0	n/a	0	IncorrectResponse	SuccessfulStop	0.151658085999998	1	150	1	186.75	186.764053824	186.75
0	1.375	NULL	BLANKSCREEN	0	n/a	0	n/a	n/a	0	0	0	0	188.25	0	188.25
189.632146887	1.5	STOP	LEFT	0	n/a	0	IncorrectResponse	SuccessfulStop	0.150274008999986	2	150	1	189.625	189.632146887	189.625
0	0.5	NULL	BLANKSCREEN	0	n/a	0	n/a	n/a	0	0	0	0	191.125	0	191.125
191.700212492	1.5	GO	LEFT	0.423955454999941	LEFT	95	CorrectResponse	SuccessfulGo	0	0	0	0	191.625	191.700212492	191.625
0	0.625	NULL	BLANKSCREEN	0	n/a	0	n/a	n/a	0	0	0	0	193.125	0	193.125
193.768015495	1.5	GO	RIGHT	0.412083088000145	RIGHT	92	CorrectResponse	SuccessfulGo	0	0	0	0	193.75	193.768015495	193.75
0	3.25	NULL	BLANKSCREEN	0	n/a	0	n/a	n/a	0	0	0	0	195.25	0	195.25
198.520635053	1.5	STOP	RIGHT	0.41180840800007	RIGHT	92	CorrectResponse	UnsuccessfulStop	0.200257762000092	1	200	-1	198.5	198.520635053	198.5
0	1.125	NULL	BLANKSCREEN	0	n/a	0	n/a	n/a	0	0	0	0	200	0	200
201.138720127	1.5	GO	LEFT	0.559176697000112	LEFT	95	CorrectResponse	SuccessfulGo	0	0	0	0	201.125	201.138720127	201.125
0	1.25	NULL	BLANKSCREEN	0	n/a	0	n/a	n/a	0	0	0	0	202.625	0	202.625
203.890180566	1.5	GO	RIGHT	0.753315712999893	RIGHT	92	CorrectResponse	SuccessfulGo	0	0	0	0	203.875	203.890180566	203.875
0	1.375	NULL	BLANKSCREEN	0	n/a	0	n/a	n/a	0	0	0	0	205.375	0	205.375
206.758358589	1.5	GO	LEFT	0.558912329999885	LEFT	95	CorrectResponse	SuccessfulGo	0	0	0	0	206.75	206.758358589	206.75
0	0.625	NULL	BLANKSCREEN	0	n/a	0	n/a	n/a	0	0	0	0	208.25	0	208.25
208.89295531	1.5	GO	RIGHT	0.926402760999963	RIGHT	92	CorrectResponse	SuccessfulGo	0	0	0	0	208.875	208.89295531	208.875
0	0.625	NULL	BLANKSCREEN	0	n/a	0	n/a	n/a	0	0	0	0	210.375	0	210.375
211.010774268	1.5	STOP	LEFT	0	n/a	0	IncorrectResponse	SuccessfulStop	0.201101762000008	2	200	1	211	211.010774268	211
0	1.5	NULL	BLANKSCREEN	0	n/a	0	n/a	n/a	0	0	0	0	212.5	0	212.5
214.012437393	1.5	GO	LEFT	0.511205527999891	LEFT	95	CorrectResponse	SuccessfulGo	0	0	0	0	214	214.012437393	214
0	1	NULL	BLANKSCREEN	0	n/a	0	n/a	n/a	0	0	0	0	215.5	0	215.5
216.513802151	1.5	STOP	RIGHT	0	n/a	0	IncorrectResponse	SuccessfulStop	0.150920458999963	1	150	1	216.5	216.513802151	216.5
0	0.75	NULL	BLANKSCREEN	0	n/a	0	n/a	n/a	0	0	0	0	218	0	218
218.765224776	1.5	GO	RIGHT	0.759101942000143	RIGHT	92	CorrectResponse	SuccessfulGo	0	0	0	0	218.75	218.765224776	218.75
0	1.25	NULL	BLANKSCREEN	0	n/a	0	n/a	n/a	0	0	0	0	220.25	0	220.25
221.516810406	1.5	GO	LEFT	0.486963801000002	LEFT	95	CorrectResponse	SuccessfulGo	0	0	0	0	221.5	221.516810406	221.5
0	1.5	NULL	BLANKSCREEN	0	n/a	0	n/a	n/a	0	0	0	0	223	0	223
224.518119909	1.5	GO	RIGHT	0.758623149999949	RIGHT	92	CorrectResponse	SuccessfulGo	0	0	0	0	224.5	224.518119909	224.5
0	0.75	NULL	BLANKSCREEN	0	n/a	0	n/a	n/a	0	0	0	0	226	0	226
226.769647215	1.5	GO	LEFT	0.666530520999913	LEFT	95	CorrectResponse	SuccessfulGo	0	0	0	0	226.75	226.769647215	226.75
0	1	NULL	BLANKSCREEN	0	n/a	0	n/a	n/a	0	0	0	0	228.25	0	228.25
229.270871708	1.5	GO	RIGHT	0.589826956000024	RIGHT	92	CorrectResponse	SuccessfulGo	0	0	0	0	229.25	229.270871708	229.25
0	0.875	NULL	BLANKSCREEN	0	n/a	0	n/a	n/a	0	0	0	0	230.75	0	230.75
231.638676366	1.5	STOP	LEFT	0	n/a	0	IncorrectResponse	SuccessfulStop	0.252157732000114	2	250	1	231.625	231.638676366	231.625
0	1.75	NULL	BLANKSCREEN	0	n/a	0	n/a	n/a	0	0	0	0	233.125	0	233.125
234.890575201	1.5	GO	LEFT	0.458658932999924	LEFT	95	CorrectResponse	SuccessfulGo	0	0	0	0	234.875	234.890575201	234.875
0	0.625	NULL	BLANKSCREEN	0	n/a	0	n/a	n/a	0	0	0	0	236.375	0	236.375
237.008256585	1.5	GO	RIGHT	0.74716962399998	RIGHT	92	CorrectResponse	SuccessfulGo	0	0	0	0	237	237.008256585	237
0	2.5	NULL	BLANKSCREEN	0	n/a	0	n/a	n/a	0	0	0	0	238.5	0	238.5
241.010557905	1.5	STOP	RIGHT	0	n/a	0	IncorrectResponse	SuccessfulStop	0.200349426000002	1	200	1	241	241.010557905	241
0	0.875	NULL	BLANKSCREEN	0	n/a	0	n/a	n/a	0	0	0	0	242.5	0	242.5
243.395249734	1.5	GO	RIGHT	0.70483478899996	RIGHT	92	CorrectResponse	SuccessfulGo	0	0	0	0	243.375	243.395249734	243.375
0	1.5	NULL	BLANKSCREEN	0	n/a	0	n/a	n/a	0	0	0	0	244.875	0	244.875
246.396939065	1.5	GO	RIGHT	0.423841039000081	RIGHT	92	CorrectResponse	SuccessfulGo	0	0	0	0	246.375	246.396939065	246.375
0	1.125	NULL	BLANKSCREEN	0	n/a	0	n/a	n/a	0	0	0	0	247.875	0	247.875
249.015048112	1.5	GO	LEFT	0.475142256000026	LEFT	95	CorrectResponse	SuccessfulGo	0	0	0	0	249	249.015048112	249
0	0.875	NULL	BLANKSCREEN	0	n/a	0	n/a	n/a	0	0	0	0	250.5	0	250.5
251.382793023	1.5	GO	LEFT	0.6127045369999	LEFT	95	CorrectResponse	SuccessfulGo	0	0	0	0	251.375	251.382793023	251.375
0	2.875	NULL	BLANKSCREEN	0	n/a	0	n/a	n/a	0	0	0	0	252.875	0	252.875
255.768729074	1.5	STOP	LEFT	0.458666901000015	LEFT	95	CorrectResponse	UnsuccessfulStop	0.300336353000148	2	300	-1	255.75	255.768729074	255.75
0	1.125	NULL	BLANKSCREEN	0	n/a	0	n/a	n/a	0	0	0	0	257.25	0	257.25
258.386844362	1.5	STOP	RIGHT	0	n/a	0	IncorrectResponse	SuccessfulStop	0.250823045999823	1	250	1	258.375	258.386844362	258.375
0	2.25	NULL	BLANKSCREEN	0	n/a	0	n/a	n/a	0	0	0	0	259.875	0	259.875
262.138840818	1.5	GO	RIGHT	0.424494744000185	RIGHT	92	CorrectResponse	SuccessfulGo	0	0	0	0	262.125	262.138840818	262.125
0	0.5	NULL	BLANKSCREEN	0	n/a	0	n/a	n/a	0	0	0	0	263.625	0	263.625
264.139959036	1.5	GO	LEFT	0.680153039000061	LEFT	95	CorrectResponse	SuccessfulGo	0	0	0	0	264.125	264.139959036	264.125
0	1.375	NULL	BLANKSCREEN	0	n/a	0	n/a	n/a	0	0	0	0	265.625	0	265.625
267.008007858	1.5	STOP	LEFT	0.443499000000202	LEFT	95	CorrectResponse	UnsuccessfulStop	0.250174200000174	2	250	-1	267	267.008007858	267
0	1.375	NULL	BLANKSCREEN	0	n/a	0	n/a	n/a	0	0	0	0	268.5	0	268.5
269.893186135	1.5	GO	RIGHT	0.662959024999964	RIGHT	92	CorrectResponse	SuccessfulGo	0	0	0	0	269.875	269.893186135	269.875
0	0.875	NULL	BLANKSCREEN	0	n/a	0	n/a	n/a	0	0	0	0	271.375	0	271.375
272.261064902	1.5	GO	LEFT	0.743288549999988	LEFT	95	CorrectResponse	SuccessfulGo	0	0	0	0	272.25	272.261064902	272.25
0	2.375	NULL	BLANKSCREEN	0	n/a	0	n/a	n/a	0	0	0	0	273.75	0	273.75
276.146590999	1.5	GO	LEFT	0.558467346999805	LEFT	95	CorrectResponse	SuccessfulGo	0	0	0	0	276.125	276.146590999	276.125
0	1.25	NULL	BLANKSCREEN	0	n/a	0	n/a	n/a	0	0	0	0	277.625	0	277.625
278.898138326	1.5	GO	RIGHT	0.601929293000012	RIGHT	92	CorrectResponse	SuccessfulGo	0	0	0	0	278.875	278.898138326	278.875
0	2.5	NULL	BLANKSCREEN	0	n/a	0	n/a	n/a	0	0	0	0	280.375	0	280.375
282.883535693	1.5	GO	RIGHT	0.456842803999962	RIGHT	92	CorrectResponse	SuccessfulGo	0	0	0	0	282.875	282.883535693	282.875
0	1.375	NULL	BLANKSCREEN	0	n/a	0	n/a	n/a	0	0	0	0	284.375	0	284.375
285.768694756	1.5	GO	LEFT	0.532112405999897	LEFT	95	CorrectResponse	SuccessfulGo	0	0	0	0	285.75	285.768694756	285.75
0	0.625	NULL	BLANKSCREEN	0	n/a	0	n/a	n/a	0	0	0	0	287.25	0	287.25
287.88636616	1.5	STOP	LEFT	0	n/a	0	IncorrectResponse	SuccessfulStop	0.201796416999969	2	200	1	287.875	287.88636616	287.875
0	1.75	NULL	BLANKSCREEN	0	n/a	0	n/a	n/a	0	0	0	0	289.375	0	289.375
291.138126752	1.5	GO	LEFT	0.466250154000136	LEFT	95	CorrectResponse	SuccessfulGo	0	0	0	0	291.125	291.138126752	291.125
0	1.125	NULL	BLANKSCREEN	0	n/a	0	n/a	n/a	0	0	0	0	292.625	0	292.625
293.77300489	1.5	GO	RIGHT	0.544316562999938	RIGHT	92	CorrectResponse	SuccessfulGo	0	0	0	0	293.75	293.77300489	293.75
0	0.875	NULL	BLANKSCREEN	0	n/a	0	n/a	n/a	0	0	0	0	295.25	0	295.25
296.141028142	1.5	STOP	RIGHT	0	n/a	0	IncorrectResponse	SuccessfulStop	0.301962872000104	1	300	1	296.125	296.141028142	296.125
0	2.375	NULL	BLANKSCREEN	0	n/a	0	n/a	n/a	0	0	0	0	297.625	0	297.625
300.009630378	1.5	GO	RIGHT	0.450615005999907	RIGHT	92	CorrectResponse	SuccessfulGo	0	0	0	0	300	300.009630378	300
0	2.625	NULL	BLANKSCREEN	0	n/a	0	n/a	n/a	0	0	0	0	301.5	0	301.5
304.145344343	1.5	GO	LEFT	0.635297749000074	LEFT	95	CorrectResponse	SuccessfulGo	0	0	0	0	304.125	304.145344343	304.125
0	1.5	NULL	BLANKSCREEN	0	n/a	0	n/a	n/a	0	0	0	0	305.625	0	305.625
307.1469609	1.5	GO	RIGHT	0.631810046000055	RIGHT	92	CorrectResponse	SuccessfulGo	0	0	0	0	307.125	307.1469609	307.125
0	1.75	NULL	BLANKSCREEN	0	n/a	0	n/a	n/a	0	0	0	0	308.625	0	308.625
310.380001866	1.5	GO	LEFT	0.436205384999994	LEFT	95	CorrectResponse	SuccessfulGo	0	0	0	0	310.375	310.380001866	310.375
0	1.625	NULL	BLANKSCREEN	0	n/a	0	n/a	n/a	0	0	0	0	311.875	0	311.875
313.517165717	1.5	STOP	LEFT	0	n/a	0	IncorrectResponse	SuccessfulStop	0.352131770000142	1	350	1	313.5	313.517165717	313.5
0	0.875	NULL	BLANKSCREEN	0	n/a	0	n/a	n/a	0	0	0	0	315	0	315
315.885030944	1.5	STOP	RIGHT	0	n/a	0	IncorrectResponse	SuccessfulStop	0.250380488000019	2	250	1	315.875	315.885030944	315.875
0	4	NULL	BLANKSCREEN	0	n/a	0	n/a	n/a	0	0	0	0	317.375	0	317.375
321.388055647	1.5	GO	LEFT	0.633360896000113	LEFT	95	CorrectResponse	SuccessfulGo	0	0	0	0	321.375	321.388055647	321.375
0	0.5	NULL	BLANKSCREEN	0	n/a	0	n/a	n/a	0	0	0	0	322.875	0	322.875
323.389200149	1.5	GO	RIGHT	0.748937997999974	RIGHT	92	CorrectResponse	SuccessfulGo	0	0	0	0	323.375	323.389200149	323.375
0	1.25	NULL	BLANKSCREEN	0	n/a	0	n/a	n/a	0	0	0	0	324.875	0	324.875
326.140841711	1.5	GO	RIGHT	0.687073241999997	RIGHT	92	CorrectResponse	SuccessfulGo	0	0	0	0	326.125	326.140841711	326.125
0	0.875	NULL	BLANKSCREEN	0	n/a	0	n/a	n/a	0	0	0	0	327.625	0	327.625
328.508545649	1.5	GO	LEFT	0.480440660000113	LEFT	95	CorrectResponse	SuccessfulGo	0	0	0	0	328.5	328.508545649	328.5
0	1.25	NULL	BLANKSCREEN	0	n/a	0	n/a	n/a	0	0	0	0	330	0	330
331.260112898	1.5	GO	RIGHT	0.505433207000124	RIGHT	92	CorrectResponse	SuccessfulGo	0	0	0	0	331.25	331.260112898	331.25
0	2.75	NULL	BLANKSCREEN	0	n/a	0	n/a	n/a	0	0	0	0	332.75	0	332.75
335.512476223	1.5	GO	RIGHT	0.483982503999869	RIGHT	92	CorrectResponse	SuccessfulGo	0	0	0	0	335.5	335.512476223	335.5
0	1.25	NULL	BLANKSCREEN	0	n/a	0	n/a	n/a	0	0	0	0	337	0	337
338.263995262	1.5	GO	LEFT	0.731341173999908	LEFT	95	CorrectResponse	SuccessfulGo	0	0	0	0	338.25	338.263995262	338.25
0	1.25	NULL	BLANKSCREEN	0	n/a	0	n/a	n/a	0	0	0	0	339.75	0	339.75
341.015531827	1.5	GO	LEFT	0.612605578000057	LEFT	95	CorrectResponse	SuccessfulGo	0	0	0	0	341	341.015531827	341
0	1.75	NULL	BLANKSCREEN	0	n/a	0	n/a	n/a	0	0	0	0	342.5	0	342.5
344.267323387	1.5	GO	RIGHT	0.633272059000092	RIGHT	92	CorrectResponse	SuccessfulGo	0	0	0	0	344.25	344.267323387	344.25
0	0.625	NULL	BLANKSCREEN	0	n/a	0	n/a	n/a	0	0	0	0	345.75	0	345.75
346.38513082	1.5	STOP	LEFT	0	n/a	0	IncorrectResponse	SuccessfulStop	0.302439603000039	2	300	1	346.375	346.38513082	346.375
0	0.75	NULL	BLANKSCREEN	0	n/a	0	n/a	n/a	0	0	0	0	347.875	0	347.875
348.636407483	1.5	GO	LEFT	0.845920898000031	LEFT	95	CorrectResponse	SuccessfulGo	0	0	0	0	348.625	348.636407483	348.625
0	2.25	NULL	BLANKSCREEN	0	n/a	0	n/a	n/a	0	0	0	0	350.125	0	350.125
352.388733415	1.5	STOP	RIGHT	0	n/a	0	IncorrectResponse	SuccessfulStop	0.401021003000096	1	400	1	352.375	352.388733415	352.375
0	2.25	NULL	BLANKSCREEN	0	n/a	0	n/a	n/a	0	0	0	0	353.875	0	353.875
